room_num,floor_num,is_clean,type_id,is_occupied,hotel_id
9142,3,True,Queen 1 Bed,False,0
5326,4,True,Queen 1 Bed,False,0
8416,1,True,Queen 1 Bed,False,0
4538,5,True,Queen 1 Bed,False,0
5794,3,True,Queen 1 Bed,False,0
859,3,True,Queen 1 Bed,False,0
9468,4,True,Queen 1 Bed,False,0
4213,5,True,Queen 1 Bed,False,0
992,1,True,Queen 1 Bed,False,0
4702,2,True,Queen 1 Bed,False,0
3108,3,True,Queen 1 Bed,False,0
75,1,True,Queen 1 Bed,False,0
375,1,True,Queen 1 Bed,False,0
1972,2,True,Queen 1 Bed,False,0
4896,5,True,Queen 1 Bed,False,0
9731,1,True,Queen 1 Bed,False,0
6981,4,True,Queen 1 Bed,False,0
2359,5,True,Queen 1 Bed,False,0
3518,1,True,Queen 1 Bed,False,0
4802,4,True,Queen 1 Bed,False,0
1525,2,True,Queen 2 Bed,False,0
2158,4,True,Queen 2 Bed,False,0
7459,1,True,Queen 2 Bed,False,0
1791,4,True,Queen 2 Bed,False,0
8167,3,True,Queen 2 Bed,False,0
6128,4,True,Queen 2 Bed,False,0
4760,1,True,Queen 2 Bed,False,0
9135,5,True,Queen 2 Bed,False,0
6262,1,True,Queen 2 Bed,False,0
2264,2,True,Queen 2 Bed,False,0
1228,5,True,Queen 2 Bed,False,0
8177,2,False,Queen 2 Bed,True,0
747,4,True,Queen 2 Bed,False,0
1935,2,True,Queen 2 Bed,False,0
530,5,True,Queen 2 Bed,False,0
7254,4,True,Queen 2 Bed,False,0
156,4,True,Queen 2 Bed,False,0
736,5,True,Queen 2 Bed,False,0
194,3,True,Queen 2 Bed,False,0
8384,5,True,Queen 2 Bed,False,0
6694,1,True,King 1 Bed,False,0
3695,4,True,King 1 Bed,False,0
3130,4,True,King 1 Bed,False,0
9732,3,True,King 1 Bed,False,0
8694,4,True,King 1 Bed,False,0
3054,4,True,King 1 Bed,False,0
4378,2,True,King 1 Bed,False,0
2038,5,True,King 1 Bed,False,0
2795,3,True,King 1 Bed,False,0
5386,4,True,King 1 Bed,False,0
8758,3,True,King 1 Bed,False,0
4196,4,True,King 1 Bed,False,0
9116,3,True,King 1 Bed,False,0
5076,3,True,King 1 Bed,False,0
1386,2,True,King 1 Bed,False,0
4996,5,True,King 1 Bed,False,0
922,3,True,King 1 Bed,False,0
4119,2,True,King 1 Bed,False,0
9342,2,True,King 1 Bed,False,0
5077,4,True,King 1 Bed,False,0
1199,4,True,Double Suite,False,0
357,2,True,Double Suite,False,0
4522,4,True,Double Suite,False,0
69,5,True,Double Suite,False,0
6086,1,True,Double Suite,False,0
5841,5,True,Double Suite,False,0
3191,1,True,Double Suite,False,0
2054,1,True,Double Suite,False,0
6906,3,True,Double Suite,False,0
6229,3,True,Double Suite,False,0
6043,2,True,Double Suite,False,0
1187,2,True,Double Suite,False,0
2969,3,True,Double Suite,False,0
983,3,True,Double Suite,False,0
708,4,True,Double Suite,False,0
3996,5,True,Double Suite,False,0
7217,1,True,Double Suite,False,0
3562,1,True,Double Suite,False,0
2964,4,True,Double Suite,False,0
7057,5,True,Double Suite,False,0
8263,1,True,King Suite,False,0
9061,4,True,King Suite,False,0
9656,2,True,King Suite,False,0
1992,5,True,King Suite,False,0
3806,3,True,King Suite,False,0
8746,4,True,King Suite,False,0
1323,1,True,King Suite,False,0
4009,4,True,King Suite,False,0
2616,4,True,King Suite,False,0
1725,2,True,King Suite,False,0
5620,1,True,King Suite,False,0
8665,2,False,King Suite,True,0
699,5,True,King Suite,False,0
2378,4,True,King Suite,False,0
4142,3,True,King Suite,False,0
6053,1,True,King Suite,False,0
1641,1,True,King Suite,False,0
2150,5,True,King Suite,False,0
5314,5,True,King Suite,False,0
4615,2,True,King Suite,False,0
2750,5,True,Queen 1 Bed,False,1
1918,2,True,Queen 1 Bed,False,1
5318,3,True,Queen 1 Bed,False,1
1712,4,True,Queen 1 Bed,False,1
3733,4,True,Queen 1 Bed,False,1
2278,3,True,Queen 1 Bed,False,1
7708,1,True,Queen 1 Bed,False,1
5492,5,True,Queen 1 Bed,False,1
9094,2,True,Queen 1 Bed,False,1
8974,1,True,Queen 1 Bed,False,1
7651,5,True,Queen 1 Bed,False,1
4598,5,True,Queen 1 Bed,False,1
5603,3,True,Queen 1 Bed,False,1
8067,4,True,Queen 1 Bed,False,1
1283,4,True,Queen 1 Bed,False,1
5501,4,True,Queen 1 Bed,False,1
4668,2,True,Queen 1 Bed,False,1
3551,5,True,Queen 1 Bed,False,1
8793,3,True,Queen 1 Bed,False,1
2897,4,True,Queen 1 Bed,False,1
6939,1,True,Queen 2 Bed,False,1
5519,5,True,Queen 2 Bed,False,1
6738,3,True,Queen 2 Bed,False,1
6395,5,True,Queen 2 Bed,False,1
3156,4,True,Queen 2 Bed,False,1
1202,3,True,Queen 2 Bed,False,1
387,4,True,Queen 2 Bed,False,1
5177,3,True,Queen 2 Bed,False,1
6925,1,True,Queen 2 Bed,False,1
6074,3,True,Queen 2 Bed,False,1
6920,3,True,Queen 2 Bed,False,1
5930,1,True,Queen 2 Bed,False,1
1806,4,True,Queen 2 Bed,False,1
7579,3,True,Queen 2 Bed,False,1
3009,5,True,Queen 2 Bed,False,1
7031,5,True,Queen 2 Bed,False,1
8923,5,True,Queen 2 Bed,False,1
3250,3,False,Queen 2 Bed,True,1
8102,4,True,Queen 2 Bed,False,1
2762,5,True,Queen 2 Bed,False,1
2497,3,True,King 1 Bed,False,1
5748,2,True,King 1 Bed,False,1
6406,4,True,King 1 Bed,False,1
6708,1,True,King 1 Bed,False,1
6171,3,True,King 1 Bed,False,1
7826,3,True,King 1 Bed,False,1
1133,3,True,King 1 Bed,False,1
1557,5,True,King 1 Bed,False,1
6072,5,True,King 1 Bed,False,1
5750,4,True,King 1 Bed,False,1
2927,5,True,King 1 Bed,False,1
7184,2,True,King 1 Bed,False,1
6016,2,True,King 1 Bed,False,1
907,5,True,King 1 Bed,False,1
1720,4,True,King 1 Bed,False,1
1756,1,True,King 1 Bed,False,1
3622,1,True,King 1 Bed,False,1
6506,2,True,King 1 Bed,False,1
2753,3,False,King 1 Bed,True,1
3650,4,True,King 1 Bed,False,1
1595,2,True,Double Suite,False,1
5349,1,True,Double Suite,False,1
4166,2,True,Double Suite,False,1
5503,2,True,Double Suite,False,1
729,1,True,Double Suite,False,1
9851,1,True,Double Suite,False,1
1058,2,True,Double Suite,False,1
1411,3,True,Double Suite,False,1
526,4,True,Double Suite,False,1
4173,1,True,Double Suite,False,1
8672,5,True,Double Suite,False,1
3254,4,True,Double Suite,False,1
3268,1,True,Double Suite,False,1
535,4,True,Double Suite,False,1
3193,4,True,Double Suite,False,1
9220,4,False,Double Suite,True,1
5774,1,True,Double Suite,False,1
3847,2,True,Double Suite,False,1
9990,4,True,Double Suite,False,1
696,4,True,Double Suite,False,1
1703,1,True,King Suite,False,1
149,2,True,King Suite,False,1
8655,5,True,King Suite,False,1
7203,4,True,King Suite,False,1
9796,2,True,King Suite,False,1
1280,3,True,King Suite,False,1
6945,2,True,King Suite,False,1
734,3,True,King Suite,False,1
8547,4,True,King Suite,False,1
2350,5,True,King Suite,False,1
9249,5,True,King Suite,False,1
5543,1,True,King Suite,False,1
6497,4,True,King Suite,False,1
326,5,True,King Suite,False,1
3537,1,True,King Suite,False,1
6568,3,True,King Suite,False,1
8896,4,True,King Suite,False,1
9616,2,True,King Suite,False,1
3653,1,True,King Suite,False,1
9682,4,True,King Suite,False,1
2710,1,True,Queen 1 Bed,False,2
1681,3,True,Queen 1 Bed,False,2
6059,5,True,Queen 1 Bed,False,2
1442,2,True,Queen 1 Bed,False,2
5171,1,True,Queen 1 Bed,False,2
3616,2,True,Queen 1 Bed,False,2
4007,3,True,Queen 1 Bed,False,2
8377,4,True,Queen 1 Bed,False,2
8139,5,True,Queen 1 Bed,False,2
5711,5,True,Queen 1 Bed,False,2
4662,1,True,Queen 1 Bed,False,2
672,4,True,Queen 1 Bed,False,2
9678,5,True,Queen 1 Bed,False,2
8798,1,True,Queen 1 Bed,False,2
3545,1,True,Queen 1 Bed,False,2
1166,4,True,Queen 1 Bed,False,2
8228,4,True,Queen 1 Bed,False,2
716,5,True,Queen 1 Bed,False,2
9344,1,True,Queen 1 Bed,False,2
6426,1,True,Queen 1 Bed,False,2
6030,5,True,Queen 2 Bed,False,2
1092,3,True,Queen 2 Bed,False,2
8752,4,True,Queen 2 Bed,False,2
5838,1,True,Queen 2 Bed,False,2
9710,1,True,Queen 2 Bed,False,2
3201,1,True,Queen 2 Bed,False,2
8200,2,True,Queen 2 Bed,False,2
7305,2,True,Queen 2 Bed,False,2
1085,2,True,Queen 2 Bed,False,2
8614,1,True,Queen 2 Bed,False,2
7206,2,True,Queen 2 Bed,False,2
4328,3,True,Queen 2 Bed,False,2
112,3,True,Queen 2 Bed,False,2
6165,2,True,Queen 2 Bed,False,2
9078,2,True,Queen 2 Bed,False,2
8928,4,True,Queen 2 Bed,False,2
9244,2,True,Queen 2 Bed,False,2
9476,3,True,Queen 2 Bed,False,2
888,4,True,Queen 2 Bed,False,2
7253,5,True,Queen 2 Bed,False,2
7343,2,True,King 1 Bed,False,2
2986,3,True,King 1 Bed,False,2
5854,3,True,King 1 Bed,False,2
5307,5,True,King 1 Bed,False,2
8524,5,True,King 1 Bed,False,2
4550,5,True,King 1 Bed,False,2
9314,5,True,King 1 Bed,False,2
3598,3,True,King 1 Bed,False,2
5389,2,True,King 1 Bed,False,2
5028,5,True,King 1 Bed,False,2
3690,4,True,King 1 Bed,False,2
8742,4,True,King 1 Bed,False,2
7645,5,True,King 1 Bed,False,2
8936,4,True,King 1 Bed,False,2
1349,2,True,King 1 Bed,False,2
7909,5,True,King 1 Bed,False,2
1405,1,True,King 1 Bed,False,2
836,3,True,King 1 Bed,False,2
9455,4,True,King 1 Bed,False,2
7331,4,True,King 1 Bed,False,2
5372,4,True,Double Suite,False,2
468,3,True,Double Suite,False,2
8979,3,True,Double Suite,False,2
7861,2,False,Double Suite,True,2
7413,1,True,Double Suite,False,2
4941,1,True,Double Suite,False,2
9138,5,True,Double Suite,False,2
3714,5,True,Double Suite,False,2
9605,1,True,Double Suite,False,2
4779,2,True,Double Suite,False,2
6201,1,True,Double Suite,False,2
6420,1,True,Double Suite,False,2
687,3,True,Double Suite,False,2
9793,3,True,Double Suite,False,2
5242,4,True,Double Suite,False,2
9595,5,True,Double Suite,False,2
4461,2,True,Double Suite,False,2
5220,2,True,Double Suite,False,2
2381,3,True,Double Suite,False,2
5682,2,True,Double Suite,False,2
4208,3,True,King Suite,False,2
5512,3,True,King Suite,False,2
3927,5,True,King Suite,False,2
1158,4,True,King Suite,False,2
4449,3,True,King Suite,False,2
2864,3,True,King Suite,False,2
3008,5,True,King Suite,False,2
9559,2,True,King Suite,False,2
3446,2,True,King Suite,False,2
1025,2,True,King Suite,False,2
8731,1,True,King Suite,False,2
1745,3,True,King Suite,False,2
1313,4,True,King Suite,False,2
1017,1,True,King Suite,False,2
7719,2,True,King Suite,False,2
1320,1,True,King Suite,False,2
5650,4,True,King Suite,False,2
5826,4,True,King Suite,False,2
1543,5,True,King Suite,False,2
2639,4,True,King Suite,False,2
8360,4,True,Queen 1 Bed,False,3
7853,3,True,Queen 1 Bed,False,3
1063,1,True,Queen 1 Bed,False,3
6587,2,True,Queen 1 Bed,False,3
623,2,True,Queen 1 Bed,False,3
3116,4,True,Queen 1 Bed,False,3
7565,3,True,Queen 1 Bed,False,3
6630,1,True,Queen 1 Bed,False,3
3234,3,True,Queen 1 Bed,False,3
5576,5,True,Queen 1 Bed,False,3
8433,5,True,Queen 1 Bed,False,3
52,4,True,Queen 1 Bed,False,3
3820,5,True,Queen 1 Bed,False,3
2318,1,True,Queen 1 Bed,False,3
3369,5,True,Queen 1 Bed,False,3
5435,1,True,Queen 1 Bed,False,3
3024,5,True,Queen 1 Bed,False,3
4254,1,True,Queen 1 Bed,False,3
3991,1,True,Queen 1 Bed,False,3
7294,1,True,Queen 1 Bed,False,3
3617,5,True,Queen 2 Bed,False,3
5049,5,True,Queen 2 Bed,False,3
8313,5,True,Queen 2 Bed,False,3
1279,1,True,Queen 2 Bed,False,3
8915,3,True,Queen 2 Bed,False,3
5482,5,True,Queen 2 Bed,False,3
4104,3,True,Queen 2 Bed,False,3
9626,2,True,Queen 2 Bed,False,3
6259,3,True,Queen 2 Bed,False,3
4676,5,True,Queen 2 Bed,False,3
1095,1,True,Queen 2 Bed,False,3
5624,4,True,Queen 2 Bed,False,3
4772,4,True,Queen 2 Bed,False,3
3567,1,True,Queen 2 Bed,False,3
8868,3,True,Queen 2 Bed,False,3
6661,1,True,Queen 2 Bed,False,3
4155,1,True,Queen 2 Bed,False,3
3606,3,True,Queen 2 Bed,False,3
4098,2,True,Queen 2 Bed,False,3
177,5,True,Queen 2 Bed,False,3
677,3,True,King 1 Bed,False,3
1973,1,True,King 1 Bed,False,3
8676,5,True,King 1 Bed,False,3
7323,3,True,King 1 Bed,False,3
2515,1,True,King 1 Bed,False,3
6676,5,True,King 1 Bed,False,3
6173,1,True,King 1 Bed,False,3
7050,4,True,King 1 Bed,False,3
9606,3,True,King 1 Bed,False,3
4017,1,True,King 1 Bed,False,3
4638,2,True,King 1 Bed,False,3
2501,3,True,King 1 Bed,False,3
707,2,True,King 1 Bed,False,3
763,5,True,King 1 Bed,False,3
8079,3,True,King 1 Bed,False,3
8290,1,True,King 1 Bed,False,3
5730,3,True,King 1 Bed,False,3
3007,5,True,King 1 Bed,False,3
4479,3,True,King 1 Bed,False,3
5628,1,True,King 1 Bed,False,3
9126,5,True,Double Suite,False,3
7425,5,True,Double Suite,False,3
8120,1,True,Double Suite,False,3
8643,1,True,Double Suite,False,3
238,2,True,Double Suite,False,3
2660,4,True,Double Suite,False,3
4387,3,True,Double Suite,False,3
8458,2,True,Double Suite,False,3
7219,1,True,Double Suite,False,3
3977,5,True,Double Suite,False,3
4141,1,True,Double Suite,False,3
4161,4,True,Double Suite,False,3
9391,3,True,Double Suite,False,3
7534,4,True,Double Suite,False,3
7196,2,True,Double Suite,False,3
8374,2,True,Double Suite,False,3
8858,3,True,Double Suite,False,3
2268,1,True,Double Suite,False,3
1954,5,True,Double Suite,False,3
2133,3,True,Double Suite,False,3
5137,2,True,King Suite,False,3
8502,3,True,King Suite,False,3
980,3,True,King Suite,False,3
3371,5,True,King Suite,False,3
8747,1,True,King Suite,False,3
7046,1,True,King Suite,False,3
8436,4,True,King Suite,False,3
3468,2,True,King Suite,False,3
9264,3,True,King Suite,False,3
1284,1,True,King Suite,False,3
6210,3,True,King Suite,False,3
1693,2,True,King Suite,False,3
2544,4,True,King Suite,False,3
7083,2,True,King Suite,False,3
2463,3,True,King Suite,False,3
8483,5,True,King Suite,False,3
9543,5,True,King Suite,False,3
2422,1,True,King Suite,False,3
701,3,True,King Suite,False,3
6762,3,True,King Suite,False,3
9075,3,True,Queen 1 Bed,False,4
3097,5,True,Queen 1 Bed,False,4
3071,4,True,Queen 1 Bed,False,4
3472,3,True,Queen 1 Bed,False,4
5433,1,True,Queen 1 Bed,False,4
7973,5,True,Queen 1 Bed,False,4
1689,4,True,Queen 1 Bed,False,4
3788,2,True,Queen 1 Bed,False,4
108,1,True,Queen 1 Bed,False,4
2861,5,True,Queen 1 Bed,False,4
1124,5,True,Queen 1 Bed,False,4
4109,2,True,Queen 1 Bed,False,4
1500,5,True,Queen 1 Bed,False,4
2365,2,True,Queen 1 Bed,False,4
2380,2,True,Queen 1 Bed,False,4
3247,1,True,Queen 1 Bed,False,4
6752,3,True,Queen 1 Bed,False,4
5753,2,True,Queen 1 Bed,False,4
2744,1,True,Queen 1 Bed,False,4
7609,4,True,Queen 1 Bed,False,4
5733,5,True,Queen 2 Bed,False,4
4728,3,True,Queen 2 Bed,False,4
54,2,True,Queen 2 Bed,False,4
6680,1,True,Queen 2 Bed,False,4
4137,2,True,Queen 2 Bed,False,4
405,2,True,Queen 2 Bed,False,4
3863,4,True,Queen 2 Bed,False,4
1644,5,True,Queen 2 Bed,False,4
3862,1,True,Queen 2 Bed,False,4
8222,2,True,Queen 2 Bed,False,4
4988,4,True,Queen 2 Bed,False,4
6377,5,True,Queen 2 Bed,False,4
1402,5,True,Queen 2 Bed,False,4
8229,4,True,Queen 2 Bed,False,4
1237,4,True,Queen 2 Bed,False,4
6567,3,True,Queen 2 Bed,False,4
3336,4,True,Queen 2 Bed,False,4
4953,4,True,Queen 2 Bed,False,4
6028,4,True,Queen 2 Bed,False,4
8599,3,True,Queen 2 Bed,False,4
302,1,True,King 1 Bed,False,4
3311,2,True,King 1 Bed,False,4
3980,1,True,King 1 Bed,False,4
9651,2,True,King 1 Bed,False,4
6771,5,True,King 1 Bed,False,4
4346,1,True,King 1 Bed,False,4
6646,4,True,King 1 Bed,False,4
397,3,True,King 1 Bed,False,4
9098,4,True,King 1 Bed,False,4
2277,4,True,King 1 Bed,False,4
5344,4,True,King 1 Bed,False,4
7825,4,True,King 1 Bed,False,4
4542,3,True,King 1 Bed,False,4
602,5,True,King 1 Bed,False,4
1774,2,True,King 1 Bed,False,4
9567,4,True,King 1 Bed,False,4
2824,3,True,King 1 Bed,False,4
2311,4,True,King 1 Bed,False,4
7211,5,True,King 1 Bed,False,4
8114,2,True,King 1 Bed,False,4
9154,1,True,Double Suite,False,4
8819,1,True,Double Suite,False,4
2324,1,True,Double Suite,False,4
9043,4,True,Double Suite,False,4
9333,5,True,Double Suite,False,4
866,1,True,Double Suite,False,4
2304,1,True,Double Suite,False,4
3177,1,True,Double Suite,False,4
3738,3,True,Double Suite,False,4
4913,5,True,Double Suite,False,4
7306,2,True,Double Suite,False,4
6391,4,True,Double Suite,False,4
903,1,True,Double Suite,False,4
7405,4,True,Double Suite,False,4
4943,2,True,Double Suite,False,4
9877,4,True,Double Suite,False,4
9849,4,True,Double Suite,False,4
6029,2,True,Double Suite,False,4
805,4,True,Double Suite,False,4
9041,3,True,Double Suite,False,4
3448,5,True,King Suite,False,4
2934,5,True,King Suite,False,4
9353,3,True,King Suite,False,4
9976,5,True,King Suite,False,4
5170,1,True,King Suite,False,4
5999,3,True,King Suite,False,4
7749,5,True,King Suite,False,4
1981,3,True,King Suite,False,4
1342,3,True,King Suite,False,4
9929,5,True,King Suite,False,4
5681,1,True,King Suite,False,4
6664,2,True,King Suite,False,4
5850,2,True,King Suite,False,4
2851,3,True,King Suite,False,4
1312,5,True,King Suite,False,4
5863,4,True,King Suite,False,4
3915,5,True,King Suite,False,4
9983,2,True,King Suite,False,4
8185,3,True,King Suite,False,4
9631,5,True,King Suite,False,4
7610,5,True,Queen 1 Bed,False,5
6250,1,True,Queen 1 Bed,False,5
4742,4,True,Queen 1 Bed,False,5
102,4,True,Queen 1 Bed,False,5
3270,3,True,Queen 1 Bed,False,5
8732,3,True,Queen 1 Bed,False,5
9528,5,True,Queen 1 Bed,False,5
3916,1,True,Queen 1 Bed,False,5
5091,2,True,Queen 1 Bed,False,5
4773,3,True,Queen 1 Bed,False,5
7633,1,True,Queen 1 Bed,False,5
4113,1,True,Queen 1 Bed,False,5
8241,1,True,Queen 1 Bed,False,5
9059,4,True,Queen 1 Bed,False,5
2642,5,True,Queen 1 Bed,False,5
8671,1,True,Queen 1 Bed,False,5
3324,3,True,Queen 1 Bed,False,5
8691,2,True,Queen 1 Bed,False,5
127,1,True,Queen 1 Bed,False,5
3417,3,True,Queen 1 Bed,False,5
914,2,True,Queen 2 Bed,False,5
3973,2,True,Queen 2 Bed,False,5
7697,2,True,Queen 2 Bed,False,5
3819,3,True,Queen 2 Bed,False,5
8901,4,True,Queen 2 Bed,False,5
1975,3,True,Queen 2 Bed,False,5
1364,5,True,Queen 2 Bed,False,5
5494,3,True,Queen 2 Bed,False,5
5319,1,True,Queen 2 Bed,False,5
624,4,True,Queen 2 Bed,False,5
9086,1,True,Queen 2 Bed,False,5
2444,2,True,Queen 2 Bed,False,5
430,1,True,Queen 2 Bed,False,5
3411,5,True,Queen 2 Bed,False,5
3188,5,True,Queen 2 Bed,False,5
3942,5,True,Queen 2 Bed,False,5
8736,4,True,Queen 2 Bed,False,5
7453,2,True,Queen 2 Bed,False,5
447,5,True,Queen 2 Bed,False,5
6494,4,True,Queen 2 Bed,False,5
2123,4,True,King 1 Bed,False,5
3283,4,True,King 1 Bed,False,5
3564,3,True,King 1 Bed,False,5
7679,1,True,King 1 Bed,False,5
9208,2,True,King 1 Bed,False,5
8489,5,True,King 1 Bed,False,5
6991,5,True,King 1 Bed,False,5
1544,3,True,King 1 Bed,False,5
4803,4,True,King 1 Bed,False,5
8464,2,True,King 1 Bed,False,5
9108,1,True,King 1 Bed,False,5
7586,4,True,King 1 Bed,False,5
5097,4,True,King 1 Bed,False,5
9888,5,True,King 1 Bed,False,5
620,1,True,King 1 Bed,False,5
843,3,True,King 1 Bed,False,5
3205,3,True,King 1 Bed,False,5
4886,1,True,King 1 Bed,False,5
8074,5,True,King 1 Bed,False,5
5586,3,True,King 1 Bed,False,5
7922,4,True,Double Suite,False,5
6065,1,True,Double Suite,False,5
3736,1,True,Double Suite,False,5
2282,1,True,Double Suite,False,5
5950,3,True,Double Suite,False,5
6531,4,True,Double Suite,False,5
6122,4,True,Double Suite,False,5
2955,2,True,Double Suite,False,5
811,1,True,Double Suite,False,5
4183,5,True,Double Suite,False,5
695,1,True,Double Suite,False,5
3121,2,True,Double Suite,False,5
7282,2,False,Double Suite,True,5
9119,2,True,Double Suite,False,5
4832,5,True,Double Suite,False,5
2002,4,True,Double Suite,False,5
9839,4,True,Double Suite,False,5
3069,2,True,Double Suite,False,5
7711,1,True,Double Suite,False,5
9049,2,True,Double Suite,False,5
1950,3,True,King Suite,False,5
1551,1,True,King Suite,False,5
1009,5,True,King Suite,False,5
35,5,True,King Suite,False,5
2792,1,True,King Suite,False,5
3112,5,True,King Suite,False,5
5971,1,True,King Suite,False,5
4364,3,True,King Suite,False,5
7337,1,True,King Suite,False,5
569,5,True,King Suite,False,5
7709,3,True,King Suite,False,5
2783,3,True,King Suite,False,5
97,5,True,King Suite,False,5
561,3,True,King Suite,False,5
1610,5,True,King Suite,False,5
2353,4,True,King Suite,False,5
2657,2,True,King Suite,False,5
2745,2,True,King Suite,False,5
5629,3,True,King Suite,False,5
2132,2,True,King Suite,False,5
7092,5,True,Queen 1 Bed,False,6
5015,3,True,Queen 1 Bed,False,6
4703,4,True,Queen 1 Bed,False,6
2401,4,True,Queen 1 Bed,False,6
1781,3,True,Queen 1 Bed,False,6
9832,1,True,Queen 1 Bed,False,6
9705,4,True,Queen 1 Bed,False,6
277,1,True,Queen 1 Bed,False,6
2516,4,True,Queen 1 Bed,False,6
5532,1,True,Queen 1 Bed,False,6
132,4,True,Queen 1 Bed,False,6
4815,2,True,Queen 1 Bed,False,6
6893,3,True,Queen 1 Bed,False,6
3206,4,True,Queen 1 Bed,False,6
5042,1,True,Queen 1 Bed,False,6
1936,3,False,Queen 1 Bed,True,6
4871,5,True,Queen 1 Bed,False,6
9620,1,True,Queen 1 Bed,False,6
7382,2,True,Queen 1 Bed,False,6
9903,3,True,Queen 1 Bed,False,6
3437,4,True,Queen 2 Bed,False,6
1453,2,True,Queen 2 Bed,False,6
4762,1,True,Queen 2 Bed,False,6
4059,4,True,Queen 2 Bed,False,6
6839,2,True,Queen 2 Bed,False,6
6035,1,False,Queen 2 Bed,True,6
379,2,True,Queen 2 Bed,False,6
8501,2,True,Queen 2 Bed,False,6
7476,2,True,Queen 2 Bed,False,6
6722,4,True,Queen 2 Bed,False,6
807,2,True,Queen 2 Bed,False,6
3027,2,True,Queen 2 Bed,False,6
3139,1,True,Queen 2 Bed,False,6
3894,5,True,Queen 2 Bed,False,6
9428,1,True,Queen 2 Bed,False,6
2156,3,True,Queen 2 Bed,False,6
8367,4,True,Queen 2 Bed,False,6
9986,4,True,Queen 2 Bed,False,6
8856,3,True,Queen 2 Bed,False,6
3119,3,True,Queen 2 Bed,False,6
9887,2,True,King 1 Bed,False,6
1154,5,True,King 1 Bed,False,6
8865,3,True,King 1 Bed,False,6
9262,5,True,King 1 Bed,False,6
1015,2,True,King 1 Bed,False,6
8725,4,True,King 1 Bed,False,6
825,3,True,King 1 Bed,False,6
1607,4,True,King 1 Bed,False,6
9499,5,True,King 1 Bed,False,6
648,5,True,King 1 Bed,False,6
2110,4,True,King 1 Bed,False,6
1780,4,True,King 1 Bed,False,6
7466,2,True,King 1 Bed,False,6
346,1,True,King 1 Bed,False,6
5952,1,True,King 1 Bed,False,6
3089,5,True,King 1 Bed,False,6
4287,5,True,King 1 Bed,False,6
8034,3,True,King 1 Bed,False,6
245,4,True,King 1 Bed,False,6
700,1,True,King 1 Bed,False,6
9186,1,True,Double Suite,False,6
130,1,True,Double Suite,False,6
5752,3,True,Double Suite,False,6
8166,1,True,Double Suite,False,6
2548,2,True,Double Suite,False,6
2656,4,True,Double Suite,False,6
7227,3,True,Double Suite,False,6
6194,5,True,Double Suite,False,6
2730,2,True,Double Suite,False,6
166,2,True,Double Suite,False,6
4409,5,True,Double Suite,False,6
9762,1,True,Double Suite,False,6
1742,1,True,Double Suite,False,6
8910,4,True,Double Suite,False,6
8491,2,True,Double Suite,False,6
7820,2,True,Double Suite,False,6
1685,1,True,Double Suite,False,6
4398,3,True,Double Suite,False,6
6490,3,True,Double Suite,False,6
3325,4,True,Double Suite,False,6
6749,1,True,King Suite,False,6
3575,5,True,King Suite,False,6
7684,3,True,King Suite,False,6
1710,4,True,King Suite,False,6
9210,3,True,King Suite,False,6
9823,3,True,King Suite,False,6
4174,5,True,King Suite,False,6
5128,3,True,King Suite,False,6
6519,5,True,King Suite,False,6
906,1,True,King Suite,False,6
7851,5,True,King Suite,False,6
2374,1,True,King Suite,False,6
1186,3,True,King Suite,False,6
7891,5,True,King Suite,False,6
9416,1,True,King Suite,False,6
1394,5,True,King Suite,False,6
1715,3,True,King Suite,False,6
4619,1,True,King Suite,False,6
9157,1,True,King Suite,False,6
3580,4,True,King Suite,False,6
6011,1,True,Queen 1 Bed,False,7
7089,2,True,Queen 1 Bed,False,7
4179,1,True,Queen 1 Bed,False,7
7508,5,True,Queen 1 Bed,False,7
8958,4,True,Queen 1 Bed,False,7
2945,5,True,Queen 1 Bed,False,7
3416,1,True,Queen 1 Bed,False,7
1609,5,True,Queen 1 Bed,False,7
9998,5,True,Queen 1 Bed,False,7
2240,1,True,Queen 1 Bed,False,7
2533,4,True,Queen 1 Bed,False,7
9357,2,True,Queen 1 Bed,False,7
4967,2,True,Queen 1 Bed,False,7
34,5,True,Queen 1 Bed,False,7
9948,4,True,Queen 1 Bed,False,7
3897,4,True,Queen 1 Bed,False,7
8809,1,True,Queen 1 Bed,False,7
7867,2,True,Queen 1 Bed,False,7
5986,4,True,Queen 1 Bed,False,7
2811,3,True,Queen 1 Bed,False,7
5548,2,True,Queen 2 Bed,False,7
4821,4,True,Queen 2 Bed,False,7
9816,1,True,Queen 2 Bed,False,7
3176,2,True,Queen 2 Bed,False,7
9935,3,True,Queen 2 Bed,False,7
3106,1,True,Queen 2 Bed,False,7
7014,1,True,Queen 2 Bed,False,7
5734,5,True,Queen 2 Bed,False,7
1534,1,True,Queen 2 Bed,False,7
2530,2,True,Queen 2 Bed,False,7
1440,2,True,Queen 2 Bed,False,7
8587,4,True,Queen 2 Bed,False,7
7852,1,True,Queen 2 Bed,False,7
2607,4,True,Queen 2 Bed,False,7
1230,4,True,Queen 2 Bed,False,7
1334,4,True,Queen 2 Bed,False,7
2460,5,True,Queen 2 Bed,False,7
2628,2,True,Queen 2 Bed,False,7
121,1,True,Queen 2 Bed,False,7
5751,4,True,Queen 2 Bed,False,7
8179,1,True,King 1 Bed,False,7
6915,2,True,King 1 Bed,False,7
3357,1,True,King 1 Bed,False,7
6721,4,True,King 1 Bed,False,7
4432,2,True,King 1 Bed,False,7
7950,1,True,King 1 Bed,False,7
500,1,True,King 1 Bed,False,7
2923,3,True,King 1 Bed,False,7
9556,2,True,King 1 Bed,False,7
2298,4,True,King 1 Bed,False,7
3261,2,True,King 1 Bed,False,7
9660,4,True,King 1 Bed,False,7
431,5,True,King 1 Bed,False,7
8398,1,True,King 1 Bed,False,7
1223,2,True,King 1 Bed,False,7
1409,2,True,King 1 Bed,False,7
5116,2,True,King 1 Bed,False,7
5541,2,True,King 1 Bed,False,7
6300,5,True,King 1 Bed,False,7
7692,3,True,King 1 Bed,False,7
1407,4,True,Double Suite,False,7
746,1,True,Double Suite,False,7
8414,5,True,Double Suite,False,7
6139,3,True,Double Suite,False,7
9770,1,True,Double Suite,False,7
2455,3,True,Double Suite,False,7
5529,4,True,Double Suite,False,7
8948,1,True,Double Suite,False,7
7133,1,True,Double Suite,False,7
3190,5,True,Double Suite,False,7
4191,3,True,Double Suite,False,7
5755,3,True,Double Suite,False,7
5565,3,True,Double Suite,False,7
5151,3,True,Double Suite,False,7
8766,5,True,Double Suite,False,7
7450,4,True,Double Suite,False,7
6555,1,True,Double Suite,False,7
4343,4,True,Double Suite,False,7
6311,1,True,Double Suite,False,7
7065,2,True,Double Suite,False,7
3783,5,True,King Suite,False,7
3612,2,True,King Suite,False,7
5781,3,True,King Suite,False,7
418,2,True,King Suite,False,7
1093,1,True,King Suite,False,7
8065,2,True,King Suite,False,7
3426,1,True,King Suite,False,7
3899,2,True,King Suite,False,7
5949,1,True,King Suite,False,7
5363,2,True,King Suite,False,7
7559,4,True,King Suite,False,7
9573,1,True,King Suite,False,7
4369,2,True,King Suite,False,7
7764,4,True,King Suite,False,7
7698,3,True,King Suite,False,7
8258,5,True,King Suite,False,7
6629,1,True,King Suite,False,7
6246,3,True,King Suite,False,7
1581,5,True,King Suite,False,7
892,2,True,King Suite,False,7
8375,3,True,Queen 1 Bed,False,8
9355,3,True,Queen 1 Bed,False,8
2621,5,True,Queen 1 Bed,False,8
5668,5,True,Queen 1 Bed,False,8
6375,1,True,Queen 1 Bed,False,8
8254,3,True,Queen 1 Bed,False,8
8518,2,True,Queen 1 Bed,False,8
9516,2,True,Queen 1 Bed,False,8
3807,3,True,Queen 1 Bed,False,8
6188,5,True,Queen 1 Bed,False,8
3786,5,True,Queen 1 Bed,False,8
1509,5,True,Queen 1 Bed,False,8
896,2,True,Queen 1 Bed,False,8
4635,1,True,Queen 1 Bed,False,8
6720,5,True,Queen 1 Bed,False,8
2384,5,True,Queen 1 Bed,False,8
8582,1,True,Queen 1 Bed,False,8
1867,4,True,Queen 1 Bed,False,8
338,3,True,Queen 1 Bed,False,8
6504,5,True,Queen 1 Bed,False,8
8437,3,True,Queen 2 Bed,False,8
30,1,True,Queen 2 Bed,False,8
1991,1,True,Queen 2 Bed,False,8
5671,4,True,Queen 2 Bed,False,8
6361,5,True,Queen 2 Bed,False,8
7533,3,True,Queen 2 Bed,False,8
3410,3,True,Queen 2 Bed,False,8
2215,3,True,Queen 2 Bed,False,8
2705,5,True,Queen 2 Bed,False,8
101,5,True,Queen 2 Bed,False,8
71,3,True,Queen 2 Bed,False,8
2464,1,True,Queen 2 Bed,False,8
9747,1,True,Queen 2 Bed,False,8
1656,3,True,Queen 2 Bed,False,8
5585,5,True,Queen 2 Bed,False,8
4339,5,True,Queen 2 Bed,False,8
5983,3,True,Queen 2 Bed,False,8
4492,3,True,Queen 2 Bed,False,8
8917,2,True,Queen 2 Bed,False,8
7045,1,True,Queen 2 Bed,False,8
7614,3,True,King 1 Bed,False,8
8299,1,True,King 1 Bed,False,8
4018,3,True,King 1 Bed,False,8
9471,5,True,King 1 Bed,False,8
7968,4,True,King 1 Bed,False,8
4025,3,True,King 1 Bed,False,8
310,5,True,King 1 Bed,False,8
543,1,True,King 1 Bed,False,8
1531,5,True,King 1 Bed,False,8
9598,4,True,King 1 Bed,False,8
7615,1,True,King 1 Bed,False,8
3711,1,True,King 1 Bed,False,8
1846,3,True,King 1 Bed,False,8
9736,1,True,King 1 Bed,False,8
6472,3,True,King 1 Bed,False,8
7380,4,True,King 1 Bed,False,8
5655,4,True,King 1 Bed,False,8
1448,1,True,King 1 Bed,False,8
2335,2,True,King 1 Bed,False,8
4777,3,False,King 1 Bed,True,8
1760,3,True,Double Suite,False,8
5714,5,True,Double Suite,False,8
204,2,True,Double Suite,False,8
3672,4,True,Double Suite,False,8
9402,5,True,Double Suite,False,8
5032,1,True,Double Suite,False,8
6732,3,True,Double Suite,False,8
2495,1,True,Double Suite,False,8
552,1,False,Double Suite,True,8
1486,4,True,Double Suite,False,8
5627,2,True,Double Suite,False,8
8366,1,True,Double Suite,False,8
7214,4,True,Double Suite,False,8
8788,4,True,Double Suite,False,8
1866,1,True,Double Suite,False,8
8381,2,True,Double Suite,False,8
7570,2,True,Double Suite,False,8
8445,1,True,Double Suite,False,8
661,3,True,Double Suite,False,8
2042,4,True,Double Suite,False,8
4185,2,True,King Suite,False,8
8406,3,True,King Suite,False,8
6350,3,True,King Suite,False,8
3688,5,True,King Suite,False,8
3169,4,True,King Suite,False,8
887,4,True,King Suite,False,8
9913,2,True,King Suite,False,8
3999,4,True,King Suite,False,8
4186,1,True,King Suite,False,8
5243,1,True,King Suite,False,8
2739,5,True,King Suite,False,8
9906,4,True,King Suite,False,8
7053,1,True,King Suite,False,8
4690,1,True,King Suite,False,8
392,5,True,King Suite,False,8
6818,4,True,King Suite,False,8
2279,3,True,King Suite,False,8
4555,1,True,King Suite,False,8
5153,3,True,King Suite,False,8
68,5,True,King Suite,False,8
2203,1,True,Queen 1 Bed,False,9
9153,5,True,Queen 1 Bed,False,9
7391,2,True,Queen 1 Bed,False,9
938,2,True,Queen 1 Bed,False,9
1354,3,True,Queen 1 Bed,False,9
10000,5,True,Queen 1 Bed,False,9
8315,3,True,Queen 1 Bed,False,9
398,5,True,Queen 1 Bed,False,9
2627,4,True,Queen 1 Bed,False,9
8945,5,True,Queen 1 Bed,False,9
9947,4,True,Queen 1 Bed,False,9
2280,2,True,Queen 1 Bed,False,9
2313,1,True,Queen 1 Bed,False,9
9024,3,True,Queen 1 Bed,False,9
9632,4,True,Queen 1 Bed,False,9
1729,5,True,Queen 1 Bed,False,9
6046,1,True,Queen 1 Bed,False,9
9786,2,True,Queen 1 Bed,False,9
1530,5,True,Queen 1 Bed,False,9
7821,5,True,Queen 1 Bed,False,9
3291,5,True,Queen 2 Bed,False,9
5294,4,True,Queen 2 Bed,False,9
4897,1,True,Queen 2 Bed,False,9
8349,1,True,Queen 2 Bed,False,9
3038,2,True,Queen 2 Bed,False,9
1080,5,True,Queen 2 Bed,False,9
634,2,True,Queen 2 Bed,False,9
4256,2,True,Queen 2 Bed,False,9
8148,4,True,Queen 2 Bed,False,9
4531,4,True,Queen 2 Bed,False,9
8786,4,True,Queen 2 Bed,False,9
1813,2,True,Queen 2 Bed,False,9
8346,4,True,Queen 2 Bed,False,9
4983,3,True,Queen 2 Bed,False,9
7727,5,True,Queen 2 Bed,False,9
2998,5,True,Queen 2 Bed,False,9
6118,5,True,Queen 2 Bed,False,9
5135,4,True,Queen 2 Bed,False,9
5873,2,False,Queen 2 Bed,True,9
6115,3,True,Queen 2 Bed,False,9
5804,4,True,King 1 Bed,False,9
6354,1,True,King 1 Bed,False,9
7118,2,True,King 1 Bed,False,9
4669,2,True,King 1 Bed,False,9
7667,4,True,King 1 Bed,False,9
4082,1,True,King 1 Bed,False,9
5279,2,True,King 1 Bed,False,9
8954,1,True,King 1 Bed,False,9
9554,5,True,King 1 Bed,False,9
6329,3,True,King 1 Bed,False,9
3394,4,True,King 1 Bed,False,9
7286,2,True,King 1 Bed,False,9
5562,5,True,King 1 Bed,False,9
5005,5,True,King 1 Bed,False,9
287,2,True,King 1 Bed,False,9
653,2,True,King 1 Bed,False,9
1856,3,True,King 1 Bed,False,9
9405,5,True,King 1 Bed,False,9
5905,4,True,King 1 Bed,False,9
7041,4,True,King 1 Bed,False,9
3088,5,True,Double Suite,False,9
5710,3,True,Double Suite,False,9
7042,3,True,Double Suite,False,9
1639,1,True,Double Suite,False,9
3576,1,True,Double Suite,False,9
3501,5,True,Double Suite,False,9
8707,1,True,Double Suite,False,9
262,2,True,Double Suite,False,9
6785,5,True,Double Suite,False,9
2367,4,True,Double Suite,False,9
4851,3,True,Double Suite,False,9
2539,3,True,Double Suite,False,9
1914,3,True,Double Suite,False,9
5796,4,True,Double Suite,False,9
4345,3,True,Double Suite,False,9
160,5,True,Double Suite,False,9
1385,3,True,Double Suite,False,9
3395,1,True,Double Suite,False,9
7938,1,True,Double Suite,False,9
1036,5,True,Double Suite,False,9
1873,5,True,King Suite,False,9
8062,1,False,King Suite,True,9
5203,2,False,King Suite,True,9
8474,5,True,King Suite,False,9
2457,2,True,King Suite,False,9
9564,2,True,King Suite,False,9
4653,3,True,King Suite,False,9
4224,3,True,King Suite,False,9
1555,2,True,King Suite,False,9
4714,5,True,King Suite,False,9
1622,3,True,King Suite,False,9
5798,1,True,King Suite,False,9
7512,4,True,King Suite,False,9
3676,1,True,King Suite,False,9
4566,2,True,King Suite,False,9
4497,4,True,King Suite,False,9
3160,5,True,King Suite,False,9
7773,3,True,King Suite,False,9
1843,5,True,King Suite,False,9
2858,3,True,King Suite,False,9
9235,3,True,Queen 1 Bed,False,10
2201,1,True,Queen 1 Bed,False,10
6258,3,True,Queen 1 Bed,False,10
7884,5,True,Queen 1 Bed,False,10
20,1,True,Queen 1 Bed,False,10
4900,1,True,Queen 1 Bed,False,10
5743,2,True,Queen 1 Bed,False,10
5057,3,True,Queen 1 Bed,False,10
9566,5,True,Queen 1 Bed,False,10
3765,5,True,Queen 1 Bed,False,10
1795,5,True,Queen 1 Bed,False,10
6797,3,True,Queen 1 Bed,False,10
3954,2,True,Queen 1 Bed,False,10
5149,3,True,Queen 1 Bed,False,10
7621,4,True,Queen 1 Bed,False,10
4800,2,True,Queen 1 Bed,False,10
7730,5,True,Queen 1 Bed,False,10
4094,5,True,Queen 1 Bed,False,10
6892,4,True,Queen 1 Bed,False,10
8724,4,False,Queen 1 Bed,True,10
4301,1,True,Queen 2 Bed,False,10
8078,1,True,Queen 2 Bed,False,10
1817,3,True,Queen 2 Bed,False,10
8125,5,True,Queen 2 Bed,False,10
3292,3,True,Queen 2 Bed,False,10
506,4,True,Queen 2 Bed,False,10
3846,5,True,Queen 2 Bed,False,10
1887,5,True,Queen 2 Bed,False,10
7037,1,True,Queen 2 Bed,False,10
557,5,True,Queen 2 Bed,False,10
3170,3,True,Queen 2 Bed,False,10
4630,3,True,Queen 2 Bed,False,10
7961,1,True,Queen 2 Bed,False,10
7081,2,True,Queen 2 Bed,False,10
336,2,True,Queen 2 Bed,False,10
6908,4,True,Queen 2 Bed,False,10
1162,5,True,Queen 2 Bed,False,10
6402,5,True,Queen 2 Bed,False,10
6353,4,True,Queen 2 Bed,False,10
2259,5,True,Queen 2 Bed,False,10
6085,1,True,King 1 Bed,False,10
4394,2,True,King 1 Bed,False,10
8047,4,True,King 1 Bed,False,10
3670,3,True,King 1 Bed,False,10
7218,4,True,King 1 Bed,False,10
8886,2,True,King 1 Bed,False,10
8149,2,True,King 1 Bed,False,10
8921,4,True,King 1 Bed,False,10
8198,3,True,King 1 Bed,False,10
8836,2,True,King 1 Bed,False,10
4215,3,True,King 1 Bed,False,10
9042,5,True,King 1 Bed,False,10
5461,4,True,King 1 Bed,False,10
8107,1,True,King 1 Bed,False,10
8869,4,True,King 1 Bed,False,10
2521,2,True,King 1 Bed,False,10
679,5,True,King 1 Bed,False,10
3560,4,True,King 1 Bed,False,10
8147,2,True,King 1 Bed,False,10
3306,2,True,King 1 Bed,False,10
7202,5,True,Double Suite,False,10
2355,2,True,Double Suite,False,10
4223,2,True,Double Suite,False,10
2835,3,True,Double Suite,False,10
7087,4,True,Double Suite,False,10
2722,2,True,Double Suite,False,10
4428,4,True,Double Suite,False,10
9479,4,True,Double Suite,False,10
7245,1,True,Double Suite,False,10
5460,4,True,Double Suite,False,10
2844,3,True,Double Suite,False,10
7732,4,True,Double Suite,False,10
1406,2,True,Double Suite,False,10
8195,3,True,Double Suite,False,10
7647,4,True,Double Suite,False,10
1288,4,True,Double Suite,False,10
1790,4,True,Double Suite,False,10
8904,1,True,Double Suite,False,10
706,4,True,Double Suite,False,10
2151,3,True,Double Suite,False,10
5165,1,True,King Suite,False,10
4439,5,True,King Suite,False,10
6100,2,True,King Suite,False,10
4731,5,True,King Suite,False,10
7939,1,True,King Suite,False,10
4363,5,True,King Suite,False,10
9860,2,True,King Suite,False,10
4761,4,True,King Suite,False,10
7325,1,True,King Suite,False,10
6376,4,True,King Suite,False,10
2389,3,True,King Suite,False,10
288,5,True,King Suite,False,10
5927,5,True,King Suite,False,10
5212,3,True,King Suite,False,10
4765,3,True,King Suite,False,10
3944,1,True,King Suite,False,10
2869,4,True,King Suite,False,10
754,4,True,King Suite,False,10
2755,2,True,King Suite,False,10
6733,4,True,King Suite,False,10
949,3,True,Queen 1 Bed,False,11
6224,3,True,Queen 1 Bed,False,11
9165,5,True,Queen 1 Bed,False,11
5022,1,True,Queen 1 Bed,False,11
129,1,True,Queen 1 Bed,False,11
7801,2,True,Queen 1 Bed,False,11
5130,3,True,Queen 1 Bed,False,11
4044,2,True,Queen 1 Bed,False,11
2838,3,True,Queen 1 Bed,False,11
567,1,True,Queen 1 Bed,False,11
6166,3,True,Queen 1 Bed,False,11
1254,2,True,Queen 1 Bed,False,11
280,2,True,Queen 1 Bed,False,11
7729,4,True,Queen 1 Bed,False,11
5034,5,True,Queen 1 Bed,False,11
3825,1,True,Queen 1 Bed,False,11
9768,4,True,Queen 1 Bed,False,11
6236,3,True,Queen 1 Bed,False,11
6015,1,True,Queen 1 Bed,False,11
4496,2,True,Queen 1 Bed,False,11
1789,4,True,Queen 2 Bed,False,11
8783,3,True,Queen 2 Bed,False,11
5783,2,True,Queen 2 Bed,False,11
3481,5,True,Queen 2 Bed,False,11
6975,2,True,Queen 2 Bed,False,11
9332,3,True,Queen 2 Bed,False,11
6237,1,True,Queen 2 Bed,False,11
6524,3,True,Queen 2 Bed,False,11
3006,2,True,Queen 2 Bed,False,11
3542,3,True,Queen 2 Bed,False,11
4814,4,False,Queen 2 Bed,True,11
8893,2,True,Queen 2 Bed,False,11
3665,5,True,Queen 2 Bed,False,11
1974,1,True,Queen 2 Bed,False,11
9683,1,True,Queen 2 Bed,False,11
5791,1,True,Queen 2 Bed,False,11
870,3,True,Queen 2 Bed,False,11
6897,4,True,Queen 2 Bed,False,11
133,5,True,Queen 2 Bed,False,11
7354,1,True,Queen 2 Bed,False,11
5281,2,True,King 1 Bed,False,11
5951,5,True,King 1 Bed,False,11
7116,4,True,King 1 Bed,False,11
5419,3,True,King 1 Bed,False,11
5982,5,True,King 1 Bed,False,11
2870,2,True,King 1 Bed,False,11
183,5,True,King 1 Bed,False,11
3032,1,True,King 1 Bed,False,11
9060,1,True,King 1 Bed,False,11
5174,4,True,King 1 Bed,False,11
2073,5,True,King 1 Bed,False,11
9992,5,True,King 1 Bed,False,11
8392,2,True,King 1 Bed,False,11
840,3,True,King 1 Bed,False,11
8226,3,True,King 1 Bed,False,11
8523,1,True,King 1 Bed,False,11
8660,3,True,King 1 Bed,False,11
5892,2,True,King 1 Bed,False,11
5916,2,True,King 1 Bed,False,11
5158,5,True,King 1 Bed,False,11
9936,1,False,Double Suite,True,11
9599,3,True,Double Suite,False,11
4300,1,True,Double Suite,False,11
2991,3,True,Double Suite,False,11
6221,2,True,Double Suite,False,11
3094,3,True,Double Suite,False,11
3769,2,True,Double Suite,False,11
7067,2,True,Double Suite,False,11
3880,3,True,Double Suite,False,11
1103,1,True,Double Suite,False,11
45,2,True,Double Suite,False,11
8787,4,True,Double Suite,False,11
2436,1,True,Double Suite,False,11
6995,2,True,Double Suite,False,11
8450,3,True,Double Suite,False,11
3611,3,True,Double Suite,False,11
3664,2,True,Double Suite,False,11
587,5,True,Double Suite,False,11
8683,3,True,Double Suite,False,11
3720,5,True,Double Suite,False,11
2620,5,True,King Suite,False,11
5856,4,True,King Suite,False,11
8693,3,True,King Suite,False,11
7963,1,True,King Suite,False,11
625,4,True,King Suite,False,11
7662,4,False,King Suite,True,11
3817,1,True,King Suite,False,11
7665,4,True,King Suite,False,11
7649,4,True,King Suite,False,11
7300,2,True,King Suite,False,11
9311,2,True,King Suite,False,11
5426,2,True,King Suite,False,11
6677,3,True,King Suite,False,11
2051,5,True,King Suite,False,11
8966,5,True,King Suite,False,11
6836,5,True,King Suite,False,11
1467,5,True,King Suite,False,11
1026,5,True,King Suite,False,11
2688,5,True,King Suite,False,11
5799,5,True,King Suite,False,11
7589,2,True,Queen 1 Bed,False,12
8560,2,True,Queen 1 Bed,False,12
6882,5,True,Queen 1 Bed,False,12
9999,1,True,Queen 1 Bed,False,12
7835,2,True,Queen 1 Bed,False,12
2397,2,True,Queen 1 Bed,False,12
1465,1,True,Queen 1 Bed,False,12
5316,2,True,Queen 1 Bed,False,12
724,3,True,Queen 1 Bed,False,12
804,3,True,Queen 1 Bed,False,12
8840,1,True,Queen 1 Bed,False,12
4392,2,True,Queen 1 Bed,False,12
7955,3,True,Queen 1 Bed,False,12
9292,1,True,Queen 1 Bed,False,12
8615,1,True,Queen 1 Bed,False,12
3595,1,True,Queen 1 Bed,False,12
9384,5,True,Queen 1 Bed,False,12
7351,5,True,Queen 1 Bed,False,12
3811,4,True,Queen 1 Bed,False,12
8988,1,True,Queen 1 Bed,False,12
6927,5,True,Queen 2 Bed,False,12
9981,2,True,Queen 2 Bed,False,12
8077,4,True,Queen 2 Bed,False,12
7261,1,True,Queen 2 Bed,False,12
9002,3,True,Queen 2 Bed,False,12
2331,4,True,Queen 2 Bed,False,12
4270,4,True,Queen 2 Bed,False,12
284,1,True,Queen 2 Bed,False,12
3945,1,True,Queen 2 Bed,False,12
6700,4,True,Queen 2 Bed,False,12
8209,3,True,Queen 2 Bed,False,12
3903,4,True,Queen 2 Bed,False,12
17,3,True,Queen 2 Bed,False,12
8224,5,True,Queen 2 Bed,False,12
6562,2,True,Queen 2 Bed,False,12
9398,1,True,Queen 2 Bed,False,12
221,2,True,Queen 2 Bed,False,12
7962,4,True,Queen 2 Bed,False,12
2475,4,True,Queen 2 Bed,False,12
897,3,True,Queen 2 Bed,False,12
2636,4,True,King 1 Bed,False,12
6023,2,True,King 1 Bed,False,12
5380,3,True,King 1 Bed,False,12
7064,5,True,King 1 Bed,False,12
8434,3,True,King 1 Bed,False,12
2829,4,True,King 1 Bed,False,12
3705,4,True,King 1 Bed,False,12
5909,2,True,King 1 Bed,False,12
2138,3,True,King 1 Bed,False,12
3884,3,True,King 1 Bed,False,12
8444,5,True,King 1 Bed,False,12
5132,5,True,King 1 Bed,False,12
6000,3,True,King 1 Bed,False,12
9484,3,True,King 1 Bed,False,12
846,4,True,King 1 Bed,False,12
3171,4,False,King 1 Bed,True,12
1415,5,True,King 1 Bed,False,12
409,3,True,King 1 Bed,False,12
3246,3,True,King 1 Bed,False,12
6315,1,True,King 1 Bed,False,12
2088,3,True,Double Suite,False,12
9686,4,True,Double Suite,False,12
917,2,True,Double Suite,False,12
6917,1,True,Double Suite,False,12
2030,2,True,Double Suite,False,12
4466,5,True,Double Suite,False,12
3842,2,True,Double Suite,False,12
5935,2,True,Double Suite,False,12
918,1,True,Double Suite,False,12
5388,1,True,Double Suite,False,12
4852,4,True,Double Suite,False,12
5557,4,True,Double Suite,False,12
4658,3,True,Double Suite,False,12
1246,5,True,Double Suite,False,12
8088,4,True,Double Suite,False,12
8543,4,True,Double Suite,False,12
1951,3,True,Double Suite,False,12
885,2,True,Double Suite,False,12
38,1,True,Double Suite,False,12
7115,5,True,Double Suite,False,12
4074,2,True,King Suite,False,12
9196,1,True,King Suite,False,12
2450,2,True,King Suite,False,12
5776,4,True,King Suite,False,12
6405,5,True,King Suite,False,12
1014,1,True,King Suite,False,12
9583,4,True,King Suite,False,12
4384,4,True,King Suite,False,12
3321,1,True,King Suite,False,12
4128,5,True,King Suite,False,12
7111,4,True,King Suite,False,12
3838,2,True,King Suite,False,12
4335,2,True,King Suite,False,12
8256,1,True,King Suite,False,12
348,5,True,King Suite,False,12
1505,2,True,King Suite,False,12
9336,3,True,King Suite,False,12
5169,5,True,King Suite,False,12
7418,1,True,King Suite,False,12
5480,4,True,King Suite,False,12
8151,1,True,Queen 1 Bed,False,13
216,2,True,Queen 1 Bed,False,13
2823,2,True,Queen 1 Bed,False,13
5301,5,True,Queen 1 Bed,False,13
9467,4,True,Queen 1 Bed,False,13
1347,5,True,Queen 1 Bed,False,13
6803,5,True,Queen 1 Bed,False,13
6820,1,True,Queen 1 Bed,False,13
3224,2,True,Queen 1 Bed,False,13
6167,4,True,Queen 1 Bed,False,13
4280,3,True,Queen 1 Bed,False,13
3419,1,True,Queen 1 Bed,False,13
61,3,True,Queen 1 Bed,False,13
4041,2,True,Queen 1 Bed,False,13
4620,1,False,Queen 1 Bed,True,13
234,5,True,Queen 1 Bed,False,13
1802,1,True,Queen 1 Bed,False,13
6816,3,True,Queen 1 Bed,False,13
6812,1,True,Queen 1 Bed,False,13
3297,2,True,Queen 1 Bed,False,13
4782,5,True,Queen 2 Bed,False,13
4511,1,True,Queen 2 Bed,False,13
3796,3,True,Queen 2 Bed,False,13
8240,3,True,Queen 2 Bed,False,13
9585,4,True,Queen 2 Bed,False,13
2256,3,True,Queen 2 Bed,False,13
3755,4,True,Queen 2 Bed,False,13
5992,2,True,Queen 2 Bed,False,13
9422,1,True,Queen 2 Bed,False,13
5361,4,True,Queen 2 Bed,False,13
7748,3,True,Queen 2 Bed,False,13
6973,5,True,Queen 2 Bed,False,13
7639,2,True,Queen 2 Bed,False,13
1542,2,True,Queen 2 Bed,False,13
4322,2,True,Queen 2 Bed,False,13
8765,4,True,Queen 2 Bed,False,13
2175,4,True,Queen 2 Bed,False,13
6964,5,True,Queen 2 Bed,False,13
9833,3,True,Queen 2 Bed,False,13
3429,4,True,Queen 2 Bed,False,13
7547,5,True,King 1 Bed,False,13
2764,3,True,King 1 Bed,False,13
2575,1,True,King 1 Bed,False,13
6947,4,True,King 1 Bed,False,13
9924,4,True,King 1 Bed,False,13
1605,1,True,King 1 Bed,False,13
968,5,True,King 1 Bed,False,13
9054,3,True,King 1 Bed,False,13
2308,4,True,King 1 Bed,False,13
7514,1,True,King 1 Bed,False,13
4235,2,True,King 1 Bed,False,13
2839,1,True,King 1 Bed,False,13
717,2,True,King 1 Bed,False,13
942,2,True,King 1 Bed,False,13
8496,2,True,King 1 Bed,False,13
175,1,True,King 1 Bed,False,13
386,4,True,King 1 Bed,False,13
8996,1,True,King 1 Bed,False,13
8589,4,True,King 1 Bed,False,13
8659,1,True,King 1 Bed,False,13
5731,4,True,Double Suite,False,13
2334,4,True,Double Suite,False,13
1256,5,True,Double Suite,False,13
5050,4,True,Double Suite,False,13
4929,3,True,Double Suite,False,13
6192,1,True,Double Suite,False,13
5290,3,True,Double Suite,False,13
1464,5,True,Double Suite,False,13
5447,5,True,Double Suite,False,13
5679,1,True,Double Suite,False,13
4692,1,True,Double Suite,False,13
4131,5,True,Double Suite,False,13
6896,5,True,Double Suite,False,13
9996,5,True,Double Suite,False,13
5657,2,True,Double Suite,False,13
6296,1,True,Double Suite,False,13
8208,4,True,Double Suite,False,13
7571,1,True,Double Suite,False,13
2597,2,True,Double Suite,False,13
8055,1,True,Double Suite,False,13
2428,4,True,King Suite,False,13
3628,2,True,King Suite,False,13
3652,1,True,King Suite,False,13
1545,1,True,King Suite,False,13
5689,2,True,King Suite,False,13
548,1,True,King Suite,False,13
5478,3,True,King Suite,False,13
9184,1,True,King Suite,False,13
413,3,True,King Suite,False,13
1444,1,True,King Suite,False,13
3041,2,True,King Suite,False,13
4920,2,True,King Suite,False,13
3064,3,True,King Suite,False,13
3415,2,True,King Suite,False,13
658,1,True,King Suite,False,13
5176,3,True,King Suite,False,13
8043,2,True,King Suite,False,13
4214,4,True,King Suite,False,13
7585,4,True,King Suite,False,13
9227,5,True,King Suite,False,13
6004,1,True,Queen 1 Bed,False,14
621,3,True,Queen 1 Bed,False,14
475,3,True,Queen 1 Bed,False,14
1916,3,True,Queen 1 Bed,False,14
7520,1,True,Queen 1 Bed,False,14
7250,4,True,Queen 1 Bed,False,14
3681,2,True,Queen 1 Bed,False,14
4197,2,True,Queen 1 Bed,False,14
7394,1,True,Queen 1 Bed,False,14
8082,2,True,Queen 1 Bed,False,14
8662,2,True,Queen 1 Bed,False,14
3385,1,True,Queen 1 Bed,False,14
8689,4,True,Queen 1 Bed,False,14
8340,5,True,Queen 1 Bed,False,14
991,1,True,Queen 1 Bed,False,14
1148,2,True,Queen 1 Bed,False,14
8864,5,True,Queen 1 Bed,False,14
9781,1,True,Queen 1 Bed,False,14
9145,1,True,Queen 1 Bed,False,14
5335,5,True,Queen 1 Bed,False,14
581,1,True,Queen 2 Bed,False,14
2018,2,True,Queen 2 Bed,False,14
5475,2,True,Queen 2 Bed,False,14
3280,1,True,Queen 2 Bed,False,14
9664,4,True,Queen 2 Bed,False,14
342,4,True,Queen 2 Bed,False,14
1798,4,True,Queen 2 Bed,False,14
4243,4,True,Queen 2 Bed,False,14
4751,3,True,Queen 2 Bed,False,14
4993,5,True,Queen 2 Bed,False,14
5778,3,True,Queen 2 Bed,False,14
6488,2,True,Queen 2 Bed,False,14
7047,3,True,Queen 2 Bed,False,14
4876,1,True,Queen 2 Bed,False,14
2139,5,True,Queen 2 Bed,False,14
499,4,True,Queen 2 Bed,False,14
827,5,True,Queen 2 Bed,False,14
9525,3,True,Queen 2 Bed,False,14
6711,3,True,Queen 2 Bed,False,14
982,5,True,Queen 2 Bed,False,14
6754,5,True,King 1 Bed,False,14
4444,4,True,King 1 Bed,False,14
7191,2,True,King 1 Bed,False,14
7237,5,True,King 1 Bed,False,14
572,3,True,King 1 Bed,False,14
214,2,True,King 1 Bed,False,14
5093,1,True,King 1 Bed,False,14
8715,2,True,King 1 Bed,False,14
6428,2,True,King 1 Bed,False,14
4654,4,True,King 1 Bed,False,14
9497,5,True,King 1 Bed,False,14
8860,5,True,King 1 Bed,False,14
3524,1,True,King 1 Bed,False,14
9058,1,True,King 1 Bed,False,14
5669,1,True,King 1 Bed,False,14
2061,2,True,King 1 Bed,False,14
3199,2,True,King 1 Bed,False,14
3753,2,True,King 1 Bed,False,14
8163,1,True,King 1 Bed,False,14
5874,3,True,King 1 Bed,False,14
5491,3,True,Double Suite,False,14
7270,5,True,Double Suite,False,14
5390,4,True,Double Suite,False,14
7816,5,True,Double Suite,False,14
6990,5,True,Double Suite,False,14
1196,2,True,Double Suite,False,14
1020,3,True,Double Suite,False,14
113,2,True,Double Suite,False,14
9305,1,True,Double Suite,False,14
9080,5,True,Double Suite,False,14
6936,4,True,Double Suite,False,14
8888,4,True,Double Suite,False,14
3219,3,True,Double Suite,False,14
5136,1,True,Double Suite,False,14
5531,4,True,Double Suite,False,14
9216,4,True,Double Suite,False,14
4699,3,True,Double Suite,False,14
2585,1,True,Double Suite,False,14
315,1,True,Double Suite,False,14
4107,1,True,Double Suite,False,14
5787,4,True,King Suite,False,14
9630,1,True,King Suite,False,14
5866,4,True,King Suite,False,14
1172,2,True,King Suite,False,14
4867,1,True,King Suite,False,14
5989,5,True,King Suite,False,14
1796,4,True,King Suite,False,14
3269,2,True,King Suite,False,14
6042,3,True,King Suite,False,14
6493,1,True,King Suite,False,14
8310,4,True,King Suite,False,14
656,1,True,King Suite,False,14
6678,1,True,King Suite,False,14
219,2,True,King Suite,False,14
2026,1,True,King Suite,False,14
7499,4,True,King Suite,False,14
64,5,True,King Suite,False,14
5051,5,True,King Suite,False,14
7396,4,True,King Suite,False,14
4467,5,True,King Suite,False,14
9872,5,True,Queen 1 Bed,False,15
8506,4,True,Queen 1 Bed,False,15
9418,4,True,Queen 1 Bed,False,15
1483,1,True,Queen 1 Bed,False,15
7122,3,True,Queen 1 Bed,False,15
5069,2,True,Queen 1 Bed,False,15
7018,3,True,Queen 1 Bed,False,15
8287,5,True,Queen 1 Bed,False,15
5037,3,True,Queen 1 Bed,False,15
891,1,True,Queen 1 Bed,False,15
2101,5,True,Queen 1 Bed,False,15
3259,3,True,Queen 1 Bed,False,15
8086,1,True,Queen 1 Bed,False,15
5936,1,True,Queen 1 Bed,False,15
3659,5,True,Queen 1 Bed,False,15
5697,5,True,Queen 1 Bed,False,15
7588,3,True,Queen 1 Bed,False,15
788,5,True,Queen 1 Bed,False,15
9055,1,True,Queen 1 Bed,False,15
4358,1,True,Queen 1 Bed,False,15
9408,3,True,Queen 2 Bed,False,15
5944,4,True,Queen 2 Bed,False,15
9063,5,True,Queen 2 Bed,False,15
2345,4,True,Queen 2 Bed,False,15
264,4,True,Queen 2 Bed,False,15
8994,5,True,Queen 2 Bed,False,15
8630,4,True,Queen 2 Bed,False,15
4755,4,False,Queen 2 Bed,True,15
6829,1,True,Queen 2 Bed,False,15
2511,1,True,Queen 2 Bed,False,15
5968,4,True,Queen 2 Bed,False,15
7495,5,True,Queen 2 Bed,False,15
3320,1,True,Queen 2 Bed,False,15
8005,5,True,Queen 2 Bed,False,15
6113,5,True,Queen 2 Bed,False,15
8987,2,True,Queen 2 Bed,False,15
3035,4,True,Queen 2 Bed,False,15
1121,1,True,Queen 2 Bed,False,15
3851,5,True,Queen 2 Bed,False,15
2407,5,True,Queen 2 Bed,False,15
7223,4,True,King 1 Bed,False,15
9795,2,True,King 1 Bed,False,15
3436,3,True,King 1 Bed,False,15
608,5,True,King 1 Bed,False,15
4481,3,True,King 1 Bed,False,15
6746,2,True,King 1 Bed,False,15
8188,2,True,King 1 Bed,False,15
5403,5,True,King 1 Bed,False,15
2728,1,True,King 1 Bed,False,15
1820,4,True,King 1 Bed,False,15
139,5,True,King 1 Bed,False,15
8206,5,True,King 1 Bed,False,15
2668,5,True,King 1 Bed,False,15
9136,1,True,King 1 Bed,False,15
8395,2,True,King 1 Bed,False,15
7530,2,True,King 1 Bed,False,15
4317,4,True,King 1 Bed,False,15
2654,2,True,King 1 Bed,False,15
3092,2,True,King 1 Bed,False,15
1809,2,True,King 1 Bed,False,15
9964,5,True,Double Suite,False,15
8342,5,True,Double Suite,False,15
1130,4,True,Double Suite,False,15
8393,2,True,Double Suite,False,15
8909,2,True,Double Suite,False,15
4793,1,True,Double Suite,False,15
7284,2,True,Double Suite,False,15
8670,5,True,Double Suite,False,15
8058,1,True,Double Suite,False,15
7464,3,True,Double Suite,False,15
7641,3,True,Double Suite,False,15
2232,5,True,Double Suite,False,15
7458,5,True,Double Suite,False,15
296,3,True,Double Suite,False,15
1451,1,True,Double Suite,False,15
8831,1,True,Double Suite,False,15
4253,2,True,Double Suite,False,15
1532,3,False,Double Suite,True,15
2649,5,True,Double Suite,False,15
9070,2,True,Double Suite,False,15
2368,1,True,King Suite,False,15
295,3,True,King Suite,False,15
5107,5,True,King Suite,False,15
3981,1,True,King Suite,False,15
6024,4,True,King Suite,False,15
3435,1,True,King Suite,False,15
1877,2,True,King Suite,False,15
6639,4,True,King Suite,False,15
5987,2,True,King Suite,False,15
1178,3,True,King Suite,False,15
5766,1,True,King Suite,False,15
6014,1,True,King Suite,False,15
1146,2,True,King Suite,False,15
4188,2,True,King Suite,False,15
7551,1,True,King Suite,False,15
9507,1,True,King Suite,False,15
1096,5,True,King Suite,False,15
6187,5,True,King Suite,False,15
4757,2,True,King Suite,False,15
5084,4,True,King Suite,False,15
8699,5,True,Queen 1 Bed,False,16
1816,5,True,Queen 1 Bed,False,16
3818,1,True,Queen 1 Bed,False,16
6347,1,True,Queen 1 Bed,False,16
3968,3,True,Queen 1 Bed,False,16
2174,5,True,Queen 1 Bed,False,16
767,1,True,Queen 1 Bed,False,16
8203,4,True,Queen 1 Bed,False,16
1642,2,True,Queen 1 Bed,False,16
8036,5,True,Queen 1 Bed,False,16
4571,2,True,Queen 1 Bed,False,16
615,5,True,Queen 1 Bed,False,16
6596,2,True,Queen 1 Bed,False,16
8536,3,True,Queen 1 Bed,False,16
453,3,True,Queen 1 Bed,False,16
6707,4,True,Queen 1 Bed,False,16
4528,1,True,Queen 1 Bed,False,16
8810,1,False,Queen 1 Bed,True,16
172,5,True,Queen 1 Bed,False,16
9214,3,True,Queen 1 Bed,False,16
7141,2,True,Queen 2 Bed,False,16
9181,3,True,Queen 2 Bed,False,16
9896,5,True,Queen 2 Bed,False,16
6343,2,True,Queen 2 Bed,False,16
628,2,True,Queen 2 Bed,False,16
2025,1,True,Queen 2 Bed,False,16
832,5,True,Queen 2 Bed,False,16
7000,4,True,Queen 2 Bed,False,16
1768,5,True,Queen 2 Bed,False,16
5795,1,True,Queen 2 Bed,False,16
9527,4,True,Queen 2 Bed,False,16
5726,2,True,Queen 2 Bed,False,16
6321,4,True,Queen 2 Bed,False,16
7255,2,True,Queen 2 Bed,False,16
4212,5,True,Queen 2 Bed,False,16
2046,1,True,Queen 2 Bed,False,16
2373,5,True,Queen 2 Bed,False,16
5996,1,True,Queen 2 Bed,False,16
8261,5,True,Queen 2 Bed,False,16
7290,4,False,Queen 2 Bed,True,16
3986,5,True,King 1 Bed,False,16
4048,1,True,King 1 Bed,False,16
854,4,True,King 1 Bed,False,16
5900,2,True,King 1 Bed,False,16
2126,5,True,King 1 Bed,False,16
2547,3,True,King 1 Bed,False,16
3702,2,True,King 1 Bed,False,16
9838,2,True,King 1 Bed,False,16
682,4,True,King 1 Bed,False,16
8529,1,True,King 1 Bed,False,16
503,3,True,King 1 Bed,False,16
6554,2,True,King 1 Bed,False,16
7526,3,True,King 1 Bed,False,16
3534,5,True,King 1 Bed,False,16
9248,1,True,King 1 Bed,False,16
3728,2,True,King 1 Bed,False,16
3974,1,True,King 1 Bed,False,16
7722,5,True,King 1 Bed,False,16
1181,1,True,King 1 Bed,False,16
755,3,True,King 1 Bed,False,16
1359,4,True,Double Suite,False,16
1346,2,True,Double Suite,False,16
5192,5,True,Double Suite,False,16
9973,2,True,Double Suite,False,16
8283,5,True,Double Suite,False,16
1238,4,True,Double Suite,False,16
3497,1,True,Double Suite,False,16
2672,2,True,Double Suite,False,16
3724,3,True,Double Suite,False,16
1275,3,True,Double Suite,False,16
4520,4,True,Double Suite,False,16
6953,1,True,Double Suite,False,16
8972,5,True,Double Suite,False,16
1608,2,True,Double Suite,False,16
5218,2,True,Double Suite,False,16
8176,1,True,Double Suite,False,16
7333,3,True,Double Suite,False,16
6586,4,True,Double Suite,False,16
6319,2,True,Double Suite,False,16
6293,1,True,Double Suite,False,16
5026,5,True,King Suite,False,16
6369,3,True,King Suite,False,16
6020,1,True,King Suite,False,16
5090,1,True,King Suite,False,16
9447,1,True,King Suite,False,16
6051,2,True,King Suite,False,16
8353,4,True,King Suite,False,16
9758,1,True,King Suite,False,16
2458,3,True,King Suite,False,16
5981,2,True,King Suite,False,16
4562,5,True,King Suite,False,16
4234,5,True,King Suite,False,16
4838,4,True,King Suite,False,16
4734,1,True,King Suite,False,16
5868,3,True,King Suite,False,16
3004,2,True,King Suite,False,16
2862,5,True,King Suite,False,16
3142,1,True,King Suite,False,16
7385,4,True,King Suite,False,16
3304,4,True,King Suite,False,16
3840,5,True,Queen 1 Bed,False,17
1183,4,True,Queen 1 Bed,False,17
609,4,True,Queen 1 Bed,False,17
2602,2,True,Queen 1 Bed,False,17
4710,2,False,Queen 1 Bed,True,17
4952,5,True,Queen 1 Bed,False,17
4289,2,True,Queen 1 Bed,False,17
604,5,True,Queen 1 Bed,False,17
2253,5,True,Queen 1 Bed,False,17
2449,5,True,Queen 1 Bed,False,17
8218,4,True,Queen 1 Bed,False,17
6518,1,True,Queen 1 Bed,False,17
5458,5,True,Queen 1 Bed,False,17
3500,5,True,Queen 1 Bed,False,17
1764,3,True,Queen 1 Bed,False,17
5423,4,True,Queen 1 Bed,False,17
4297,4,True,Queen 1 Bed,False,17
9448,5,True,Queen 1 Bed,False,17
3166,4,True,Queen 1 Bed,False,17
8272,4,True,Queen 1 Bed,False,17
9006,5,True,Queen 2 Bed,False,17
5467,4,True,Queen 2 Bed,False,17
9387,4,True,Queen 2 Bed,False,17
6075,1,True,Queen 2 Bed,False,17
4971,1,True,Queen 2 Bed,False,17
4863,3,True,Queen 2 Bed,False,17
2170,5,True,Queen 2 Bed,False,17
7379,5,True,Queen 2 Bed,False,17
8528,5,True,Queen 2 Bed,False,17
5937,5,True,Queen 2 Bed,False,17
2776,1,True,Queen 2 Bed,False,17
6626,5,True,Queen 2 Bed,False,17
2242,4,True,Queen 2 Bed,False,17
2090,2,True,Queen 2 Bed,False,17
7863,3,True,Queen 2 Bed,False,17
5207,3,True,Queen 2 Bed,False,17
7027,5,True,Queen 2 Bed,False,17
9147,5,True,Queen 2 Bed,False,17
3044,1,True,Queen 2 Bed,False,17
3891,2,True,Queen 2 Bed,False,17
6073,1,True,King 1 Bed,False,17
9222,4,True,King 1 Bed,False,17
8153,3,True,King 1 Bed,False,17
5285,1,True,King 1 Bed,False,17
640,5,True,King 1 Bed,False,17
7567,1,True,King 1 Bed,False,17
8760,4,True,King 1 Bed,False,17
4551,3,True,King 1 Bed,False,17
5486,1,True,King 1 Bed,False,17
3531,5,True,King 1 Bed,False,17
4147,3,True,King 1 Bed,False,17
7303,1,True,King 1 Bed,False,17
2782,3,True,King 1 Bed,False,17
2187,2,True,King 1 Bed,False,17
2612,1,True,King 1 Bed,False,17
4276,5,True,King 1 Bed,False,17
1582,1,True,King 1 Bed,False,17
1800,4,True,King 1 Bed,False,17
4320,3,True,King 1 Bed,False,17
524,5,True,King 1 Bed,False,17
3902,5,False,Double Suite,True,17
8648,3,True,Double Suite,False,17
9452,4,True,Double Suite,False,17
3143,3,True,Double Suite,False,17
3888,4,True,Double Suite,False,17
6889,4,True,Double Suite,False,17
8975,1,True,Double Suite,False,17
7993,5,True,Double Suite,False,17
6779,3,True,Double Suite,False,17
1713,4,True,Double Suite,False,17
1755,4,True,Double Suite,False,17
2513,5,True,Double Suite,False,17
4864,1,True,Double Suite,False,17
2951,5,True,Double Suite,False,17
3591,1,True,Double Suite,False,17
6153,3,True,Double Suite,False,17
5970,3,True,Double Suite,False,17
1501,2,True,Double Suite,False,17
753,4,True,Double Suite,False,17
7964,4,True,Double Suite,False,17
3412,3,True,King Suite,False,17
8950,1,True,King Suite,False,17
2904,2,True,King Suite,False,17
1190,2,True,King Suite,False,17
9052,2,True,King Suite,False,17
4880,3,True,King Suite,False,17
6786,1,True,King Suite,False,17
3626,4,True,King Suite,False,17
5148,1,True,King Suite,False,17
553,5,True,King Suite,False,17
3570,4,True,King Suite,False,17
4035,1,True,King Suite,False,17
8549,5,True,King Suite,False,17
6137,2,True,King Suite,False,17
6566,1,True,King Suite,False,17
7765,5,True,King Suite,False,17
6691,1,True,King Suite,False,17
6291,4,True,King Suite,False,17
4308,2,True,King Suite,False,17
2207,2,True,King Suite,False,17
4526,2,True,Queen 1 Bed,False,18
1051,5,True,Queen 1 Bed,False,18
5195,5,True,Queen 1 Bed,False,18
4156,3,True,Queen 1 Bed,False,18
2486,2,True,Queen 1 Bed,False,18
2454,3,True,Queen 1 Bed,False,18
7004,4,True,Queen 1 Bed,False,18
663,4,True,Queen 1 Bed,False,18
6788,4,True,Queen 1 Bed,False,18
7051,3,True,Queen 1 Bed,False,18
3740,2,True,Queen 1 Bed,False,18
2405,3,True,Queen 1 Bed,False,18
2579,5,True,Queen 1 Bed,False,18
6235,1,True,Queen 1 Bed,False,18
7919,3,True,Queen 1 Bed,False,18
9811,1,True,Queen 1 Bed,False,18
1101,3,True,Queen 1 Bed,False,18
2406,5,True,Queen 1 Bed,False,18
8486,4,True,Queen 1 Bed,False,18
6032,1,True,Queen 1 Bed,False,18
8991,2,True,Queen 2 Bed,False,18
8275,1,True,Queen 2 Bed,False,18
6876,5,True,Queen 2 Bed,False,18
1274,2,True,Queen 2 Bed,False,18
2202,2,True,Queen 2 Bed,False,18
5550,3,True,Queen 2 Bed,False,18
3861,3,True,Queen 2 Bed,False,18
5607,3,True,Queen 2 Bed,False,18
479,1,True,Queen 2 Bed,False,18
1941,2,True,Queen 2 Bed,False,18
7598,5,True,Queen 2 Bed,False,18
217,2,True,Queen 2 Bed,False,18
2354,3,True,Queen 2 Bed,False,18
1135,2,True,Queen 2 Bed,False,18
7271,2,True,Queen 2 Bed,False,18
3832,3,True,Queen 2 Bed,False,18
3719,4,True,Queen 2 Bed,False,18
2210,1,True,Queen 2 Bed,False,18
7142,3,True,Queen 2 Bed,False,18
304,3,True,Queen 2 Bed,False,18
5000,5,True,King 1 Bed,False,18
470,1,True,King 1 Bed,False,18
4494,4,True,King 1 Bed,False,18
9938,5,True,King 1 Bed,False,18
1260,5,True,King 1 Bed,False,18
5634,5,True,King 1 Bed,False,18
3252,5,True,King 1 Bed,False,18
6796,1,True,King 1 Bed,False,18
6595,2,True,King 1 Bed,False,18
146,1,True,King 1 Bed,False,18
2799,1,True,King 1 Bed,False,18
7737,3,True,King 1 Bed,False,18
1292,2,True,King 1 Bed,False,18
2303,3,True,King 1 Bed,False,18
6878,2,True,King 1 Bed,False,18
252,3,True,King 1 Bed,False,18
353,2,True,King 1 Bed,False,18
1998,5,True,King 1 Bed,False,18
7535,4,True,King 1 Bed,False,18
3081,4,True,King 1 Bed,False,18
2679,3,True,Double Suite,False,18
341,5,True,Double Suite,False,18
9107,4,True,Double Suite,False,18
7635,4,True,Double Suite,False,18
6958,2,True,Double Suite,False,18
861,4,True,Double Suite,False,18
962,2,True,Double Suite,False,18
4008,2,True,Double Suite,False,18
5143,5,True,Double Suite,False,18
7454,2,True,Double Suite,False,18
5146,4,True,Double Suite,False,18
3574,5,True,Double Suite,False,18
2971,5,True,Double Suite,False,18
2050,3,True,Double Suite,False,18
1261,1,True,Double Suite,False,18
1278,4,True,Double Suite,False,18
1045,5,False,Double Suite,True,18
3723,4,True,Double Suite,False,18
5268,1,True,Double Suite,False,18
7199,2,True,Double Suite,False,18
2342,2,True,King Suite,False,18
1700,3,True,King Suite,False,18
8633,2,True,King Suite,False,18
9122,4,True,King Suite,False,18
8317,5,True,King Suite,False,18
7912,3,True,King Suite,False,18
6263,2,True,King Suite,False,18
8301,3,True,King Suite,False,18
7308,3,True,King Suite,False,18
2719,1,False,King Suite,True,18
2873,3,True,King Suite,False,18
8851,2,True,King Suite,False,18
1616,2,True,King Suite,False,18
9161,1,True,King Suite,False,18
4458,2,True,King Suite,False,18
6835,1,True,King Suite,False,18
369,3,True,King Suite,False,18
5483,4,True,King Suite,False,18
6432,5,True,King Suite,False,18
7107,3,True,King Suite,False,18
8076,2,True,Queen 1 Bed,False,19
1785,5,True,Queen 1 Bed,False,19
960,3,True,Queen 1 Bed,False,19
3461,2,True,Queen 1 Bed,False,19
1784,1,True,Queen 1 Bed,False,19
7760,1,True,Queen 1 Bed,False,19
1072,3,True,Queen 1 Bed,False,19
8471,2,True,Queen 1 Bed,False,19
9962,3,True,Queen 1 Bed,False,19
8023,2,True,Queen 1 Bed,False,19
6743,3,True,Queen 1 Bed,False,19
933,4,True,Queen 1 Bed,False,19
464,1,True,Queen 1 Bed,False,19
8992,2,True,Queen 1 Bed,False,19
9409,2,True,Queen 1 Bed,False,19
4831,2,True,Queen 1 Bed,False,19
8418,4,True,Queen 1 Bed,False,19
9233,5,True,Queen 1 Bed,False,19
4729,4,True,Queen 1 Bed,False,19
2471,3,True,Queen 1 Bed,False,19
4269,4,True,Queen 2 Bed,False,19
6744,3,True,Queen 2 Bed,False,19
9218,5,True,Queen 2 Bed,False,19
8457,2,True,Queen 2 Bed,False,19
9533,2,True,Queen 2 Bed,False,19
4502,3,True,Queen 2 Bed,False,19
8066,5,True,Queen 2 Bed,False,19
7016,1,True,Queen 2 Bed,False,19
364,5,True,Queen 2 Bed,False,19
3389,1,True,Queen 2 Bed,False,19
1299,2,True,Queen 2 Bed,False,19
3124,4,True,Queen 2 Bed,False,19
5802,1,True,Queen 2 Bed,False,19
2003,2,True,Queen 2 Bed,False,19
8777,1,True,Queen 2 Bed,False,19
4176,3,True,Queen 2 Bed,False,19
6701,1,True,Queen 2 Bed,False,19
909,2,True,Queen 2 Bed,False,19
9118,3,True,Queen 2 Bed,False,19
9221,1,True,Queen 2 Bed,False,19
6095,5,True,King 1 Bed,False,19
3345,4,True,King 1 Bed,False,19
881,1,True,King 1 Bed,False,19
8123,4,True,King 1 Bed,False,19
6949,5,True,King 1 Bed,False,19
5431,1,True,King 1 Bed,False,19
7513,5,True,King 1 Bed,False,19
2014,3,True,King 1 Bed,False,19
5417,2,True,King 1 Bed,False,19
1333,2,True,King 1 Bed,False,19
9485,4,True,King 1 Bed,False,19
8173,1,True,King 1 Bed,False,19
5890,2,True,King 1 Bed,False,19
5308,1,True,King 1 Bed,False,19
8238,3,True,King 1 Bed,False,19
7119,3,True,King 1 Bed,False,19
5033,3,True,King 1 Bed,False,19
5081,1,True,King 1 Bed,False,19
1562,4,True,King 1 Bed,False,19
4268,1,True,King 1 Bed,False,19
3565,4,True,Double Suite,False,19
1586,4,True,Double Suite,False,19
6392,5,True,Double Suite,False,19
3342,5,True,Double Suite,False,19
6815,1,True,Double Suite,False,19
8907,1,True,Double Suite,False,19
7288,1,True,Double Suite,False,19
598,2,True,Double Suite,False,19
3992,2,True,Double Suite,False,19
1458,1,True,Double Suite,False,19
8358,2,True,Double Suite,False,19
3552,1,True,Double Suite,False,19
1673,3,True,Double Suite,False,19
5511,1,True,Double Suite,False,19
1956,5,True,Double Suite,False,19
7783,2,True,Double Suite,False,19
7624,3,True,Double Suite,False,19
5955,1,True,Double Suite,False,19
5133,1,True,Double Suite,False,19
8235,2,True,Double Suite,False,19
5941,2,True,King Suite,False,19
6806,2,True,King Suite,False,19
4133,3,True,King Suite,False,19
737,1,True,King Suite,False,19
9551,2,True,King Suite,False,19
1021,4,True,King Suite,False,19
7712,3,True,King Suite,False,19
5365,3,True,King Suite,False,19
2414,1,True,King Suite,False,19
2164,5,True,King Suite,False,19
140,1,True,King Suite,False,19
6725,3,True,King Suite,False,19
2312,5,True,King Suite,False,19
2000,3,True,King Suite,False,19
9668,5,True,King Suite,False,19
6212,1,True,King Suite,False,19
7720,5,True,King Suite,False,19
2523,4,True,King Suite,False,19
2732,5,True,King Suite,False,19
7328,3,True,King Suite,False,19
